lat,lon,probability,confidence_score,hour,location_name,date
37.54234745015117,-77.49801901683,0.6813272163193396,68,0,Richmond,2025-11-14
36.862487028672106,-75.93923819328516,0.3825705460754507,62,0,Virginia Beach,2025-11-14
36.86634086304393,-76.25800224816429,0.34295334307182546,66,0,Norfolk,2025-11-14
36.79152807689872,-76.25520546950655,0.5047177280651598,50,0,Chesapeake,2025-11-14
38.84772137491346,-77.11832153834699,0.37762961683087687,62,0,Arlington,2025-11-14
37.08768924736895,-76.42184595339963,0.5742244811196883,57,0,Newport News,2025-11-14
38.79428262971067,-77.03235659747344,0.3078757051693233,69,0,Alexandria,2025-11-14
37.03524520591447,-76.3402114623046,0.5527165235388742,55,0,Hampton,2025-11-14
37.253042881945525,-79.90454986615352,0.4745466344901004,53,0,Roanoke,2025-11-14
36.86429907866777,-76.30032517079933,0.25946942550857555,74,0,Portsmouth,2025-11-14
37.57799642989993,-77.46245511557686,0.628197080326335,63,1,Richmond,2025-11-14
36.87280693440953,-75.96722853921318,0.21619614271376753,78,1,Virginia Beach,2025-11-14
36.80741147739734,-76.29178631611799,0.5964726724610194,60,1,Norfolk,2025-11-14
36.69552956326867,-76.26252137909005,0.26538946598889646,73,1,Chesapeake,2025-11-14
38.89489160164361,-77.09504002617322,0.4090237093822258,59,1,Arlington,2025-11-14
37.06118024529403,-76.48113407360945,0.21053907194262333,79,1,Newport News,2025-11-14
38.86113993334411,-77.05325103458192,0.2509052493842788,75,1,Alexandria,2025-11-14
36.92547450112831,-76.31764327020673,0.3862344931049016,61,1,Hampton,2025-11-14
37.271995564446684,-79.9111625314309,0.3220951207285488,68,1,Roanoke,2025-11-14
36.857576675818386,-76.2894778500431,0.31518288295830255,68,1,Portsmouth,2025-11-14
37.58423084577814,-77.40449748418105,0.4019407076248354,60,2,Richmond,2025-11-14
36.822011651160445,-75.98371940461196,0.4207467339174832,58,2,Virginia Beach,2025-11-14
36.824138934468095,-76.30507042819158,0.5906729194731186,59,2,Norfolk,2025-11-14
36.74697716838572,-76.24789827155756,0.4671812557432966,53,2,Chesapeake,2025-11-14
38.86667846763416,-77.11296707023618,0.5714855616935085,57,2,Arlington,2025-11-14
37.12837571992073,-76.50888305080747,0.6003069342152916,60,2,Newport News,2025-11-14
38.7470697160134,-77.04960366694907,0.3125988468543872,69,2,Alexandria,2025-11-14
37.00498701989382,-76.34362401276145,0.22762085904785162,77,2,Hampton,2025-11-14
37.25837673963519,-79.92060573056148,0.11568291500179301,88,2,Roanoke,2025-11-14
36.823771235644955,-76.26320531358476,0.380456934143296,62,2,Portsmouth,2025-11-14
37.53221638809524,-77.41499974435487,0.2939071728280531,71,3,Richmond,2025-11-14
36.87161138092493,-76.001917839022,0.05,95,3,Virginia Beach,2025-11-14
36.812193468893774,-76.3007826448575,0.16521463609995307,83,3,Norfolk,2025-11-14
36.74447924303768,-76.28074054338296,0.1555175175235268,84,3,Chesapeake,2025-11-14
38.82404484713393,-77.05080857407215,0.36184407222107506,64,3,Arlington,2025-11-14
37.06954289667885,-76.47537632255529,0.05,95,3,Newport News,2025-11-14
38.79261025605304,-77.01906715314375,0.05,95,3,Alexandria,2025-11-14
37.02787481186555,-76.35928879637243,0.08507436460776885,91,3,Hampton,2025-11-14
37.249058116196764,-79.95662485869309,0.5842357820218032,58,3,Roanoke,2025-11-14
36.805277421331326,-76.25868783782212,0.25763741166805887,74,3,Portsmouth,2025-11-14
37.50067067670586,-77.44511980343947,0.28364564636453976,72,4,Richmond,2025-11-14
36.894101805897414,-75.98828940020837,0.36150232423494333,64,4,Virginia Beach,2025-11-14
36.81319894445185,-76.3148669716465,0.12774640982573687,87,4,Norfolk,2025-11-14
36.73351850435717,-76.25167085769047,0.1679905306830323,83,4,Chesapeake,2025-11-14
38.91832707276674,-77.11138341972703,0.2169671909155625,78,4,Arlington,2025-11-14
37.113962046944195,-76.48563962104426,0.2789979507587338,72,4,Newport News,2025-11-14
38.75446474700229,-77.10829847068455,0.1409917025539374,86,4,Alexandria,2025-11-14
37.026915353659795,-76.26566943398255,0.4579315254246625,54,4,Hampton,2025-11-14
37.317571458043815,-79.92440995439296,0.05,95,4,Roanoke,2025-11-14
36.81943406302118,-76.30651637656086,0.05,95,4,Portsmouth,2025-11-14
37.55719647480783,-77.46454888774308,0.05,95,5,Richmond,2025-11-14
36.820566207524244,-75.98304385404094,0.6331180156749234,63,5,Virginia Beach,2025-11-14
36.818685565435416,-76.2849365931675,0.17419777166998365,83,5,Norfolk,2025-11-14
36.772605155216944,-76.25229476637693,0.2887510295642741,71,5,Chesapeake,2025-11-14
38.88689872178562,-77.11866857906318,0.05,95,5,Arlington,2025-11-14
37.02406558659009,-76.52430346051398,0.3793206526178252,62,5,Newport News,2025-11-14
38.80587537526643,-77.02197973406577,0.10634483968604198,89,5,Alexandria,2025-11-14
37.07568521998599,-76.31352228378341,0.20781506232127303,79,5,Hampton,2025-11-14
37.2527258468948,-79.94210904626193,0.17490599468220627,83,5,Roanoke,2025-11-14
36.895816466894864,-76.3399442702449,0.058149034004325334,94,5,Portsmouth,2025-11-14
37.54812225570716,-77.47577277626567,0.20448473915139523,80,6,Richmond,2025-11-14
36.89372443876967,-75.98974321457914,0.08378217384803119,92,6,Virginia Beach,2025-11-14
36.82285405340812,-76.29475279603462,0.05,95,6,Norfolk,2025-11-14
36.78367036716786,-76.25849700909941,0.24857824639727774,75,6,Chesapeake,2025-11-14
38.86805544976956,-77.03971397928373,0.08897746742582,91,6,Arlington,2025-11-14
37.090745718555254,-76.49114811115031,0.05,95,6,Newport News,2025-11-14
38.82162119895103,-77.05064987271851,0.48093211174067796,52,6,Alexandria,2025-11-14
37.00934174981069,-76.40399496726863,0.489398756303857,51,6,Hampton,2025-11-14
37.241298023604905,-79.96725640689527,0.1413101653654687,86,6,Roanoke,2025-11-14
36.827592300271995,-76.26579850083449,0.3179730135535621,68,6,Portsmouth,2025-11-14
37.54909600503923,-77.44082690735715,0.6445598102690357,64,7,Richmond,2025-11-14
36.8720198114507,-75.92123754839396,0.1873403612780335,81,7,Virginia Beach,2025-11-14
36.89635173348872,-76.27011291618123,0.6496837717953581,65,7,Norfolk,2025-11-14
36.77624689262097,-76.31466827246565,0.6713111651143846,67,7,Chesapeake,2025-11-14
38.87845572814512,-77.1245591291344,0.4660015388343279,53,7,Arlington,2025-11-14
37.080868016951655,-76.4790122771627,0.3488083487760748,65,7,Newport News,2025-11-14
38.81360023763339,-77.10221646921748,0.47094371453365336,53,7,Alexandria,2025-11-14
37.05227867580807,-76.37756724478622,0.4580782596644219,54,7,Hampton,2025-11-14
37.26633586227881,-79.94139146330141,0.573968163576444,57,7,Roanoke,2025-11-14
36.815249329642654,-76.3234609060361,0.5722273680949397,57,7,Portsmouth,2025-11-14
37.498565510488554,-77.46216337749094,0.5655326853649592,57,8,Richmond,2025-11-14
36.7741971074791,-75.97147871532172,0.504661231204269,50,8,Virginia Beach,2025-11-14
36.87990469514651,-76.27364964361082,0.4767297588162493,52,8,Norfolk,2025-11-14
36.763217734522485,-76.2657955891233,0.6218126925680724,62,8,Chesapeake,2025-11-14
38.85258157175607,-77.06950171850151,0.5741509204187569,57,8,Arlington,2025-11-14
37.09156904928759,-76.49155432554686,0.45310539754942786,55,8,Newport News,2025-11-14
38.78262802741826,-77.07660937669678,0.740337078738643,74,8,Alexandria,2025-11-14
37.02865340673734,-76.35350489065293,0.40932055640637993,59,8,Hampton,2025-11-14
37.201600388025945,-79.96508048195709,0.5731895968515153,57,8,Roanoke,2025-11-14
36.73488134215737,-76.28211112816865,0.41249270177081354,59,8,Portsmouth,2025-11-14
37.48276958357054,-77.41000368070978,0.5209020026832499,52,9,Richmond,2025-11-14
36.885650796860276,-76.01622268258592,0.2445504505132376,76,9,Virginia Beach,2025-11-14
36.83993875393183,-76.33186177469737,0.5397288122998058,54,9,Norfolk,2025-11-14
36.71378930457884,-76.36545515799297,0.5139440262217464,51,9,Chesapeake,2025-11-14
38.820319547152685,-77.0922423436173,0.397384869661492,60,9,Arlington,2025-11-14
37.08519955750305,-76.46743703743331,0.45462803532414625,55,9,Newport News,2025-11-14
38.79533942641851,-77.03091545481195,0.69912596080103,70,9,Alexandria,2025-11-14
37.01329883255418,-76.35294460329561,0.5442825627164208,54,9,Hampton,2025-11-14
37.26804974687436,-79.93393491158665,0.36590106124169386,63,9,Roanoke,2025-11-14
36.850081318926385,-76.30131951888445,0.5392403638572522,54,9,Portsmouth,2025-11-14
37.53765098688466,-77.44237773491756,0.2633831889930955,74,10,Richmond,2025-11-14
36.910568996360944,-75.93330572961663,0.24809139900165864,75,10,Virginia Beach,2025-11-14
36.78753337401145,-76.2253932778432,0.35152234563820006,65,10,Norfolk,2025-11-14
36.73390308661629,-76.3002699331174,0.213654293650246,79,10,Chesapeake,2025-11-14
38.84086121538224,-77.11144251434301,0.3769759070816833,62,10,Arlington,2025-11-14
37.12685618981427,-76.4780806458966,0.1444211899087361,86,10,Newport News,2025-11-14
38.806502082346015,-77.05912781104593,0.21752784784190748,78,10,Alexandria,2025-11-14
37.03445267577503,-76.43065534457808,0.44675890579576294,55,10,Hampton,2025-11-14
37.309394567404965,-79.97314204226579,0.050536706072437154,95,10,Roanoke,2025-11-14
36.86844973260197,-76.33653200944704,0.05,95,10,Portsmouth,2025-11-14
37.57656847270083,-77.44585393006169,0.23063377491221065,77,11,Richmond,2025-11-14
36.83871106186498,-75.96759702161437,0.2119240325474185,79,11,Virginia Beach,2025-11-14
36.868449567379436,-76.2663896872012,0.16182259831085852,84,11,Norfolk,2025-11-14
36.771909306878584,-76.29654654976389,0.05,95,11,Chesapeake,2025-11-14
38.91973322108943,-77.12058748499993,0.12496364176699044,88,11,Arlington,2025-11-14
37.105109073161884,-76.47339467990543,0.07265407385033754,93,11,Newport News,2025-11-14
38.79592048301423,-77.07223452751676,0.05161433304815358,95,11,Alexandria,2025-11-14
36.97827707263133,-76.37675984506839,0.4654818476712487,53,11,Hampton,2025-11-14
37.28866056020872,-79.94657553842052,0.14035453560378133,86,11,Roanoke,2025-11-14
36.83178134896721,-76.26553599163401,0.06349779160040647,94,11,Portsmouth,2025-11-14
37.51191672536192,-77.41225736342737,0.31672469728215247,68,12,Richmond,2025-11-14
36.83501882713912,-75.99695371234299,0.21492996265691974,79,12,Virginia Beach,2025-11-14
36.827869014483404,-76.3063997756023,0.10876922693722113,89,12,Norfolk,2025-11-14
36.77665856837012,-76.29376831680709,0.05398422884154511,95,12,Chesapeake,2025-11-14
38.8849667567219,-77.10354056666026,0.05,95,12,Arlington,2025-11-14
37.106882567009556,-76.50600517545932,0.6035946261308824,60,12,Newport News,2025-11-14
38.797242790944686,-77.00292484577042,0.27929313688305674,72,12,Alexandria,2025-11-14
37.021475481533244,-76.3381136524201,0.2832360852966681,72,12,Hampton,2025-11-14
37.173881443744925,-79.98421962204918,0.43792004476980967,56,12,Roanoke,2025-11-14
36.79587167822966,-76.29583837026429,0.39957435838978983,60,12,Portsmouth,2025-11-14
37.5431062292059,-77.44388503101479,0.28993406963275786,71,13,Richmond,2025-11-14
36.84854554504325,-75.9586924414288,0.10258469272431542,90,13,Virginia Beach,2025-11-14
36.89569954833811,-76.34802971031017,0.18279757885086548,82,13,Norfolk,2025-11-14
36.726730144893665,-76.28007600516688,0.05,95,13,Chesapeake,2025-11-14
38.88500906357029,-77.10157077595765,0.16889063187426281,83,13,Arlington,2025-11-14
37.101591848645874,-76.49996023202094,0.1492099653777788,85,13,Newport News,2025-11-14
38.831304693510006,-76.98308530172892,0.15888981339109945,84,13,Alexandria,2025-11-14
37.035173704405594,-76.34279616362838,0.377067410284291,62,13,Hampton,2025-11-14
37.307047683747214,-79.8429130111203,0.1455543467313626,85,13,Roanoke,2025-11-14
36.87366521200887,-76.31276223342267,0.292211907750332,71,13,Portsmouth,2025-11-14
37.52619298346869,-77.41411080468289,0.15854082912741405,84,14,Richmond,2025-11-14
36.81102085638961,-75.92848752579793,0.21734853152961373,78,14,Virginia Beach,2025-11-14
36.876490387887344,-76.27176516478454,0.09352821937622015,91,14,Norfolk,2025-11-14
36.787124186090644,-76.28712963839713,0.28383662180587543,72,14,Chesapeake,2025-11-14
38.88047145882789,-77.07795193293741,0.05,95,14,Arlington,2025-11-14
37.11786677274429,-76.49147040711736,0.05,95,14,Newport News,2025-11-14
38.802796206956984,-77.02462500859676,0.14933792994623432,85,14,Alexandria,2025-11-14
37.01100904272372,-76.39615778539164,0.3226966455467758,68,14,Hampton,2025-11-14
37.25771351603998,-79.93794431412444,0.18426102890919338,82,14,Roanoke,2025-11-14
36.81056522149343,-76.30722280300938,0.42055006927712096,58,14,Portsmouth,2025-11-14
37.56481913370722,-77.44911366917104,0.19063853598529792,81,15,Richmond,2025-11-14
36.83203828946877,-75.95838009489631,0.05,95,15,Virginia Beach,2025-11-14
36.85810739170084,-76.31008950168089,0.21528361200940743,78,15,Norfolk,2025-11-14
36.74422556816836,-76.30931653682444,0.29706649283909514,70,15,Chesapeake,2025-11-14
38.85177641560285,-77.09211729445308,0.2257882874891805,77,15,Arlington,2025-11-14
37.11424200108799,-76.47090696171709,0.055421053978210344,94,15,Newport News,2025-11-14
38.779339455516904,-76.98848859485808,0.24583619038728705,75,15,Alexandria,2025-11-14
37.027817819513565,-76.34244383668099,0.3430175577051545,66,15,Hampton,2025-11-14
37.26279259944448,-79.89705633942341,0.23307423251373713,77,15,Roanoke,2025-11-14
36.85304702379819,-76.2980997602544,0.15594487997374495,84,15,Portsmouth,2025-11-14
37.540651017508864,-77.4793540952743,0.7742541338674886,77,16,Richmond,2025-11-14
36.83671596014389,-76.07675834823605,0.739382540545781,74,16,Virginia Beach,2025-11-14
36.799340182322105,-76.26384846313972,0.6884715884507258,69,16,Norfolk,2025-11-14
36.751371115676406,-76.30422013150921,0.5232834126011815,52,16,Chesapeake,2025-11-14
38.82297845795118,-77.07402212730275,0.9077674392620199,91,16,Arlington,2025-11-14
37.12398220297616,-76.45833852790015,0.5813153015384691,58,16,Newport News,2025-11-14
38.81645159063542,-77.05845356536997,0.5330603981101149,53,16,Alexandria,2025-11-14
37.066210891678836,-76.33671857205955,0.5576851864474223,56,16,Hampton,2025-11-14
37.247012282393634,-79.86696652313616,0.4469233489065969,55,16,Roanoke,2025-11-14
36.846683869438074,-76.30997856065099,0.5787531806320909,58,16,Portsmouth,2025-11-14
37.59330084848298,-77.47868332492273,0.528313056715233,53,17,Richmond,2025-11-14
36.84385689369662,-75.97444035666987,0.38070787646586696,62,17,Virginia Beach,2025-11-14
36.853192317391475,-76.36083871778587,0.6101004075678113,61,17,Norfolk,2025-11-14
36.77637221465622,-76.28126409072598,0.4850831576665458,51,17,Chesapeake,2025-11-14
38.946997271525255,-77.10796751467667,0.7578331740725723,76,17,Arlington,2025-11-14
37.09793126598172,-76.57316513836177,0.6676362128724814,67,17,Newport News,2025-11-14
38.78753906708551,-77.05850529680045,0.4161194028125035,58,17,Alexandria,2025-11-14
37.05006333464904,-76.31295497925346,0.4935070143592302,51,17,Hampton,2025-11-14
37.25000150147127,-79.93906985588424,0.6800487296726764,68,17,Roanoke,2025-11-14
36.854567823730726,-76.25496542861175,0.5363160780916307,54,17,Portsmouth,2025-11-14
37.56136567026893,-77.45550581286057,0.6232167971697365,62,18,Richmond,2025-11-14
36.82001401540038,-75.92525353326101,0.6727365629727322,67,18,Virginia Beach,2025-11-14
36.91298773821386,-76.27681865001037,0.4931623007401529,51,18,Norfolk,2025-11-14
36.73730204074535,-76.23103740754453,0.5624156987254108,56,18,Chesapeake,2025-11-14
38.879109939920596,-77.06629465745303,0.43594639300685184,56,18,Arlington,2025-11-14
37.094572180802025,-76.48668308403059,0.9013037174574352,90,18,Newport News,2025-11-14
38.77783690939071,-77.0508072182074,0.48934711972274914,51,18,Alexandria,2025-11-14
37.02365813485334,-76.35262380362099,0.4364656908894077,56,18,Hampton,2025-11-14
37.29587353326498,-79.93493821923933,0.5964151574213457,60,18,Roanoke,2025-11-14
36.87309197531647,-76.28421188056618,0.4603315903983428,54,18,Portsmouth,2025-11-14
37.54001823933161,-77.37213773275272,0.05,95,19,Richmond,2025-11-14
36.86592595850596,-76.00287928548589,0.2188051074235657,78,19,Virginia Beach,2025-11-14
36.86335071297228,-76.252739048866,0.05,95,19,Norfolk,2025-11-14
36.781751251935134,-76.251069606811555,0.2132897321261155,79,19,Chesapeake,2025-11-14
38.93171981633651,-77.03903372123348,0.05,95,19,Arlington,2025-11-14
37.0636778112822,-76.482654349600807,0.05,95,19,Newport News,2025-11-14
38.79491477403763,-77.06180835883983,0.2797054569985662,72,19,Alexandria,2025-11-14
36.99646462191777,-76.34910159914853,0.12420886425084254,88,19,Hampton,2025-11-14
37.26157442043393,-79.93092104261162,0.26849763317579334,73,19,Roanoke,2025-11-14
36.86298294727778,-76.36271709891726,0.38343862359317926,62,19,Portsmouth,2025-11-14
37.54921470855744,-77.46102819377134,0.21746468403589375,78,20,Richmond,2025-11-14
36.82390665087641,-75.9817860973108,0.22712871576658863,77,20,Virginia Beach,2025-11-14
36.84759920455271,-76.2858981543465,0.05,95,20,Norfolk,2025-11-14
36.73475278369681,-76.26780674404355,0.3051245498617069,69,20,Chesapeake,2025-11-14
38.8818881646577,-77.0990852689657,0.1836395983925977,82,20,Arlington,2025-11-14
37.11388836447647,-76.47393443385836,0.06253095625603095,94,20,Newport News,2025-11-14
38.80209995861593,-77.03469576821024,0.24138330093491328,76,20,Alexandria,2025-11-14
37.040560189825534,-76.3435253268187,0.05,95,20,Hampton,2025-11-14
37.283376739680456,-79.94374817472803,0.05,95,20,Roanoke,2025-11-14
36.81624043763396,-76.30052779564826,0.05,95,20,Portsmouth,2025-11-14
37.497203122650006,-77.41924717351253,0.25778878913612274,74,21,Richmond,2025-11-14
36.83742051134939,-75.99084474425081,0.05,95,21,Virginia Beach,2025-11-14
36.85117382564415,-76.28577693904978,0.22370832468910704,78,21,Norfolk,2025-11-14
36.78647138558928,-76.30372642676112,0.22044605036846115,78,21,Chesapeake,2025-11-14
38.8366765759292,-77.15957474728728,0.34309207896618,66,21,Arlington,2025-11-14
37.09751503821855,-76.42072168080772,0.25144150504220275,75,21,Newport News,2025-11-14
38.80120691000684,-77.00213230088038,0.19540964318776535,80,21,Alexandria,2025-11-14
37.029950844216394,-76.35463600022464,0.05369805295337329,95,21,Hampton,2025-11-14
37.27494161999045,-79.92316486826398,0.05,95,21,Roanoke,2025-11-14
36.912157095271624,-76.30173969295433,0.09138299758404281,91,21,Portsmouth,2025-11-14
37.49828833819948,-77.43768516695579,0.5635437631821129,56,22,Richmond,2025-11-14
36.866778957588586,-76.02738930175278,0.5588259859120407,56,22,Virginia Beach,2025-11-14
36.84052096499155,-76.28215490689999,0.5314078945041679,53,22,Norfolk,2025-11-14
36.73522261121925,-76.27982758757037,0.3260053369166204,67,22,Chesapeake,2025-11-14
38.903707358092,-77.10946726573289,0.26219359228160655,74,22,Arlington,2025-11-14
37.08543887768062,-76.45560494980676,0.3641544645518564,64,22,Newport News,2025-11-14
38.83941334445593,-77.03371910206587,0.3912962200622391,61,22,Alexandria,2025-11-14
37.03940262040204,-76.29931292280071,0.4722195886348013,53,22,Hampton,2025-11-14
37.25967231956982,-79.9864150519906,0.16208425175100544,84,22,Roanoke,2025-11-14
36.83258960880114,-76.33193909415768,0.21067438529960797,79,22,Portsmouth,2025-11-14
37.564166653347684,-77.40169783860422,0.45666266263824795,54,23,Richmond,2025-11-14
36.8392136083843,-76.02226318316579,0.3109700931163483,69,23,Virginia Beach,2025-11-14
36.827822551248644,-76.3246216520719,0.2330829250594493,77,23,Norfolk,2025-11-14
36.79984793850943,-76.27745084137561,0.4923825476481325,51,23,Chesapeake,2025-11-14
38.89900051412677,-77.09722357722,0.5099439649263813,51,23,Arlington,2025-11-14
37.099912375157146,-76.50806637320564,0.24672536973820378,75,23,Newport News,2025-11-14
38.849251546255,-77.08300696178082,0.45074700407633567,55,23,Alexandria,2025-11-14
37.04108992452597,-76.34710172442973,0.6119313755928275,61,23,Hampton,2025-11-14
37.24568873051224,-79.96752881156627,0.15451492449493365,85,23,Roanoke,2025-11-14
36.84344760255175,-76.31371253112646,0.44207833377377237,56,23,Portsmouth,2025-11-14
37.55771840494691,-77.42137316463973,0.05,95,0,Richmond,2025-11-14
36.84465942731706,-76.04330211917735,0.37631925139276134,62,0,Virginia Beach,2025-11-14
36.85333763268855,-76.28971995682389,0.36285527367989107,64,0,Norfolk,2025-11-14
36.78769592897239,-76.32535948464374,0.44364201144931276,56,0,Chesapeake,2025-11-14
38.918298602701476,-77.03976432322878,0.42876117307570843,57,0,Arlington,2025-11-14
37.10375370486324,-76.44947530100328,0.3214433871373519,68,0,Newport News,2025-11-14
38.85280519828392,-77.05192785332484,0.4438949979806778,56,0,Alexandria,2025-11-14
37.02641274061148,-76.33596359189413,0.32563465615811227,67,0,Hampton,2025-11-14
37.31170119842203,-80.00318681308946,0.4660737318981019,53,0,Roanoke,2025-11-14
36.822926214720916,-76.28045062657345,0.10860821235086371,89,0,Portsmouth,2025-11-14
37.54867491181302,-77.46365688609298,0.3600339994340028,64,1,Richmond,2025-11-14
36.812132292545435,-75.96697642307144,0.6632228027683837,66,1,Virginia Beach,2025-11-14
36.891132225343746,-76.25599102176695,0.21235986443799207,79,1,Norfolk,2025-11-14
36.710914734970665,-76.2818470827431,0.34036340258426273,66,1,Chesapeake,2025-11-14
38.884623657180114,-77.05574194168946,0.4715930583684891,53,1,Arlington,2025-11-14
37.10961097961261,-76.50358033034234,0.5206732552207972,52,1,Newport News,2025-11-14
38.79398513720518,-77.09417176801067,0.3774808834205647,62,1,Alexandria,2025-11-14
37.04202868495036,-76.35267148692024,0.2985977376499942,70,1,Hampton,2025-11-14
37.258767764230456,-79.92644210670278,0.9360243980192059,94,1,Roanoke,2025-11-14
36.88116154276159,-76.26182025632617,0.5157126790943186,52,1,Portsmouth,2025-11-14
37.5574331553926,-77.4087734821894,0.48039821428102625,52,2,Richmond,2025-11-14
36.86686918398021,-76.04251727852342,0.22074020749382198,78,2,Virginia Beach,2025-11-14
36.865628746600485,-76.21644336478818,0.34758558263683376,65,2,Norfolk,2025-11-14
36.75662361289375,-76.33089078396429,0.34725207728531,65,2,Chesapeake,2025-11-14
38.86869078558155,-77.0931866507951,0.23126175182235836,77,2,Arlington,2025-11-14
37.085663491714264,-76.50976811046881,0.38023738993590916,62,2,Newport News,2025-11-14
38.769751548775105,-77.06396857711998,0.10324092956177394,90,2,Alexandria,2025-11-14
37.0121690631562,-76.34554740583712,0.4425498823933099,56,2,Hampton,2025-11-14
37.271365794387215,-79.9169891432982,0.28260883043063045,72,2,Roanoke,2025-11-14
36.83818681939371,-76.3027462606689,0.5408722636196789,54,2,Portsmouth,2025-11-14
37.56665333528472,-77.41976120715974,0.09452923374993931,91,3,Richmond,2025-11-14
36.867980885420074,-75.9881703882696,0.4168205942643034,58,3,Virginia Beach,2025-11-14
36.858675463526325,-76.29007857191446,0.259050379815637,74,3,Norfolk,2025-11-14
36.764368545137714,-76.32937178697337,0.2440850266620701,76,3,Chesapeake,2025-11-14
38.88401448220003,-77.09562835513782,0.20314830194360958,80,3,Arlington,2025-11-14
37.081086880619424,-76.47459122546918,0.33134446520587074,67,3,Newport News,2025-11-14
38.82939821678946,-77.10994857245547,0.26945191070798163,73,3,Alexandria,2025-11-14
37.0324522677853,-76.35654145137073,0.289883562675486,71,3,Hampton,2025-11-14
37.25895034953062,-79.90924861456219,0.06782403103316756,93,3,Roanoke,2025-11-14
36.79370449346926,-76.27642775216269,0.1857341480550576,81,3,Portsmouth,2025-11-14
37.58350109091139,-77.41980729709599,0.09042345184141065,91,4,Richmond,2025-11-14
36.77986044194187,-75.93664205192222,0.2952085165586066,70,4,Virginia Beach,2025-11-14
36.88384918169344,-76.28452353845155,0.23313323498901542,77,4,Norfolk,2025-11-14
36.738505997924904,-76.36171182196763,0.05,95,4,Chesapeake,2025-11-14
38.861390911154096,-77.05232104646936,0.23717235823103466,76,4,Arlington,2025-11-14
37.07580486358878,-76.4213131705824,0.05,95,4,Newport News,2025-11-14
38.800786784622765,-77.05968384655345,0.14766085865704132,85,4,Alexandria,2025-11-14
37.064411379435796,-76.36775006381366,0.33108143627732844,67,4,Hampton,2025-11-14
37.26141152852512,-79.910318090905335,0.32419509212677644,68,4,Roanoke,2025-11-14
36.87110525883344,-76.32654641176845,0.05,95,4,Portsmouth,2025-11-14
37.57703729257304,-77.44247809791705,0.149108150852139,85,5,Richmond,2025-11-14
36.8869083282522,-75.97467643979553,0.05,95,5,Virginia Beach,2025-11-14
36.91017925526809,-76.28585945773719,0.20594050786368728,79,5,Norfolk,2025-11-14
36.75813641114025,-76.27997126491472,0.23897411561860765,76,5,Chesapeake,2025-11-14
38.87946406532459,-77.08358285340589,0.05,95,5,Arlington,2025-11-14
37.12117710481213,-76.48730896540933,0.2888242635054966,71,5,Newport News,2025-11-14
38.77549185448349,-77.03564081578368,0.2411584839825744,76,5,Alexandria,2025-11-14
37.01947132984751,-76.33936528226282,0.432600446473399,57,5,Hampton,2025-11-14
37.22536473722166,-79.97584603364973,0.21668829180306987,78,5,Roanoke,2025-11-14
36.84966400289853,-76.29034579776997,0.2627376374122764,74,5,Portsmouth,2025-11-14
37.521488226780896,-77.46127362788023,0.05,95,6,Richmond,2025-11-14
36.80850381605406,-75.96378086077151,0.21946241586395715,78,6,Virginia Beach,2025-11-14
36.797188844532954,-76.33008261206473,0.21379319582359851,79,6,Norfolk,2025-11-14
36.787363375036314,-76.31243327775434,0.05,95,6,Chesapeake,2025-11-14
38.85426360249473,-77.04957717719196,0.22539770941000062,77,6,Arlington,2025-11-14
37.107017439672646,-76.47162067168853,0.2556086897805297,74,6,Newport News,2025-11-14
38.84095472652256,-77.03019108210033,0.18018607029448291,82,6,Alexandria,2025-11-14
36.97152020234229,-76.31315561348012,0.11985676847642339,88,6,Hampton,2025-11-14
37.30145538984955,-79.95980418015088,0.057912443990543655,94,6,Roanoke,2025-11-14
36.82760711539667,-76.30674314634174,0.05,95,6,Portsmouth,2025-11-14
37.54851048246749,-77.45302190008435,0.5118798226444069,51,7,Richmond,2025-11-14
36.87182773711929,-75.91952423816696,0.6150727259259826,62,7,Virginia Beach,2025-11-14
36.8719495843645,-76.28788083600742,0.39945195779534215,60,7,Norfolk,2025-11-14
36.821951739909714,-76.2778336955606,0.5286684190195086,53,7,Chesapeake,2025-11-14
38.87912454325654,-77.10642655175151,0.6234950686580433,62,7,Arlington,2025-11-14
37.10838695795263,-76.4779072847248,0.12719028977958308,87,7,Newport News,2025-11-14
38.80878294378124,-77.0583607901919,0.6350888694120689,64,7,Alexandria,2025-11-14
37.07136905033108,-76.37493399296756,0.3172518287462597,68,7,Hampton,2025-11-14
37.30569147015094,-79.94882945723472,0.3198751826071069,68,7,Roanoke,2025-11-14
36.821576512436835,-76.2721515461639,0.48545191981423585,51,7,Portsmouth,2025-11-14
37.55666200240373,-77.46301645925963,0.6428426976908821,64,8,Richmond,2025-11-14
36.85280630186032,-75.963131129059,0.521292967551647,52,8,Virginia Beach,2025-11-14
36.819873305323796,-76.27299445298443,0.5792701094058281,58,8,Norfolk,2025-11-14
36.72412640659012,-76.27993606067656,0.4533055191714962,55,8,Chesapeake,2025-11-14
38.89351766156885,-77.057847650209,0.3477187894001801,65,8,Arlington,2025-11-14
37.115206767838266,-76.43727395169732,0.3334531214303885,67,8,Newport News,2025-11-14
38.76796501152693,-77.06575254282329,0.40789806311033283,59,8,Alexandria,2025-11-14
37.03971928215233,-76.34013142269342,0.6933619360261967,69,8,Hampton,2025-11-14
37.377903192384665,-79.94295737280696,0.5148648614543322,51,8,Roanoke,2025-11-14
36.81265926975164,-76.28270864039686,0.5418154016552188,54,8,Portsmouth,2025-11-14
37.52916544683411,-77.45681764823215,0.5872783845999224,59,9,Richmond,2025-11-14
36.85422209081597,-76.04144663897597,0.5266867426405777,53,9,Virginia Beach,2025-11-14
36.886244200275506,-76.32008670163904,0.48295517159035906,52,9,Norfolk,2025-11-14
36.807888774996336,-76.29191894409055,0.5390822224248496,54,9,Chesapeake,2025-11-14
38.80197960924604,-77.08225261383106,0.4233465126893745,58,9,Arlington,2025-11-14
37.15067660191028,-76.42376497096672,0.7744001179127608,77,9,Newport News,2025-11-14
38.79991303512119,-77.04701350137734,0.6600811352529398,66,9,Alexandria,2025-11-14
36.98781403743562,-76.34440812220636,0.5747581288607393,57,9,Hampton,2025-11-14
37.30510299536684,-79.91921854727572,0.4301166323488479,57,9,Roanoke,2025-11-14
36.84257416726707,-76.33164255853694,0.3711066494202489,63,9,Portsmouth,2025-11-14
37.55860792141031,-77.46762559667204,0.05,95,10,Richmond,2025-11-14
36.81457365253048,-75.96431347276607,0.2728840455125282,73,10,Virginia Beach,2025-11-14
36.86635036841183,-76.25466919056117,0.5477464932830507,55,10,Norfolk,2025-11-14
36.79457640229393,-76.2678215528057,0.27329747593048864,73,10,Chesapeake,2025-11-14
38.929263880355826,-77.11357363224526,0.3200502593769669,68,10,Arlington,2025-11-14
37.078372575866275,-76.49042174629378,0.05,95,10,Newport News,2025-11-14
38.788780654289944,-77.01698057971484,0.3383917632309178,66,10,Alexandria,2025-11-14
37.02588018315083,-76.34410279658022,0.05908415588648577,94,10,Hampton,2025-11-14
37.256181261903144,-79.882252759419,0.05,95,10,Roanoke,2025-11-14
36.781487158567145,-76.3229569387167,0.1830066692246243,82,10,Portsmouth,2025-11-14
37.526616369404245,-77.46762389697317,0.05,95,11,Richmond,2025-11-14
36.86677737064574,-75.99817231860958,0.08533034280858894,91,11,Virginia Beach,2025-11-14
36.83523305975449,-76.25766042118453,0.26831245253432684,73,11,Norfolk,2025-11-14
36.71924783527499,-76.25536930256416,0.3608639016091305,64,11,Chesapeake,2025-11-14
38.858336406615635,-77.0972864103655,0.2913199250194018,71,11,Arlington,2025-11-14
37.122629908040764,-76.50090732793896,0.1084454077566078,89,11,Newport News,2025-11-14
38.85832062962665,-77.04031045830455,0.05,95,11,Alexandria,2025-11-14
37.02558264020082,-76.29141838727367,0.05,95,11,Hampton,2025-11-14
37.26958718947383,-79.93773125801795,0.05,95,11,Roanoke,2025-11-14
36.821690953366,-76.30489426099358,0.11797923117725533,88,11,Portsmouth,2025-11-14
37.562575809085104,-77.44465955615642,0.05,95,12,Richmond,2025-11-14
36.90636233442951,-75.99697440975523,0.05,95,12,Virginia Beach,2025-11-14
36.830377316047176,-76.25377301143686,0.10594841669168488,89,12,Norfolk,2025-11-14
36.73795746055081,-76.30674412691346,0.169039345029518,83,12,Chesapeake,2025-11-14
38.84642403141826,-77.14197448109428,0.23488388455420017,77,12,Arlington,2025-11-14
37.0725054525007,-76.4663902031112,0.1584106985654985,84,12,Newport News,2025-11-14
38.85498902906563,-77.0952959840096,0.07899352283075538,92,12,Alexandria,2025-11-14
37.071443177942804,-76.34102529144693,0.13672066259651744,86,12,Hampton,2025-11-14
37.29031852615724,-79.93532682868694,0.2681244407828556,73,12,Roanoke,2025-11-14
36.825203422467034,-76.30686450396848,0.28062116886437705,72,12,Portsmouth,2025-11-14
37.52689752824485,-77.40505151301025,0.05,95,13,Richmond,2025-11-14
36.79160656815209,-75.94587274181221,0.391467873211778,61,13,Virginia Beach,2025-11-14
36.79837848351178,-76.25986733778105,0.24147579396822724,76,13,Norfolk,2025-11-14
36.734963229678776,-76.31807637003234,0.33159926198883993,67,13,Chesapeake,2025-11-14
38.83212555142312,-77.03938573949478,0.2510633173336837,75,13,Arlington,2025-11-14
37.08953921092331,-76.46091027180641,0.16715128210305044,83,13,Newport News,2025-11-14
38.82353954580428,-77.03187052642335,0.23278988972863196,77,13,Alexandria,2025-11-14
37.044886906557565,-76.37185487365193,0.05,95,13,Hampton,2025-11-14
37.278882813266826,-79.93912261304483,0.13244416733643744,87,13,Roanoke,2025-11-14
36.889587766527924,-76.31858223310095,0.05,95,13,Portsmouth,2025-11-14
37.54892277848081,-77.42350042022262,0.17015380088904142,83,14,Richmond,2025-11-14
36.85863626917641,-76.01594257083369,0.43012046107835394,57,14,Virginia Beach,2025-11-14
36.79789787940875,-76.2506775744146,0.14112553368811706,86,14,Norfolk,2025-11-14
36.73195092836325,-76.26630069509535,0.05,95,14,Chesapeake,2025-11-14
38.85684772884305,-77.10483196695854,0.05,95,14,Arlington,2025-11-14
37.10043624438492,-76.46728760956297,0.2615847621171463,74,14,Newport News,2025-11-14
38.768192593044425,-77.01449401354539,0.19573441130637015,80,14,Alexandria,2025-11-14
36.98438860641865,-76.28952066364855,0.4282735665787354,57,14,Hampton,2025-11-14
37.261234799090765,-79.94652756102461,0.11194684856289402,89,14,Roanoke,2025-11-14
36.860502981501185,-76.34823242826658,0.1939438191554011,81,14,Portsmouth,2025-11-14
37.56256592788501,-77.46690322173092,0.05,95,15,Richmond,2025-11-14
36.838383031057866,-75.97432600898986,0.13697529992826019,86,15,Virginia Beach,2025-11-14
36.84479800769686,-76.2471531719443,0.0730256321021037,93,15,Norfolk,2025-11-14
36.742616008888696,-76.28223338665306,0.43489640627938264,57,15,Chesapeake,2025-11-14
38.914750143807034,-77.11978003320121,0.4196762665985139,58,15,Arlington,2025-11-14
37.089351535678055,-76.54569185112676,0.3598584876700066,64,15,Newport News,2025-11-14
38.764247056397,-77.05135520119228,0.21790880483356756,78,15,Alexandria,2025-11-14
37.06088063730249,-76.37076231679822,0.273172963720781,73,15,Hampton,2025-11-14
37.26050685208196,-79.94694817347076,0.11723801369640503,88,15,Roanoke,2025-11-14
36.83407882628092,-76.3403097941405,0.05,95,15,Portsmouth,2025-11-14
37.5162275837913,-77.38351817051212,0.6866768739005095,69,16,Richmond,2025-11-14
36.87778867156932,-75.9536999821813,0.7767675723733053,78,16,Virginia Beach,2025-11-14
36.81842118244053,-76.29942215164301,0.46253736177558435,54,16,Norfolk,2025-11-14
36.817787762217456,-76.26320060979002,0.5830231094464711,58,16,Chesapeake,2025-11-14
38.888769901343046,-77.0479408784863,0.6052282530849279,61,16,Arlington,2025-11-14
37.06404286351175,-76.51302898359981,0.6303436912278729,63,16,Newport News,2025-11-14
38.80825791301088,-77.06381110666884,0.46494860671775384,54,16,Alexandria,2025-11-14
37.04700644288815,-76.3484766751723,0.49759127205131826,50,16,Hampton,2025-11-14
37.24103398603455,-80.0144605122324,0.6717654761879958,67,16,Roanoke,2025-11-14
36.84848895093741,-76.30888827722276,0.5204451530299512,52,16,Portsmouth,2025-11-14
37.55165196685215,-77.4775528468978,0.5210145666159043,52,17,Richmond,2025-11-14
36.89936797809648,-75.96702436971952,0.5346393839494805,53,17,Virginia Beach,2025-11-14
36.87910242285054,-76.24092383664353,0.44726792705410745,55,17,Norfolk,2025-11-14
36.76780935293668,-76.30625882376759,0.6296259345504589,63,17,Chesapeake,2025-11-14
38.91723958635229,-77.06410020143596,0.47873218641723925,52,17,Arlington,2025-11-14
37.0953049424025,-76.49758389045519,0.5396559162647128,54,17,Newport News,2025-11-14
38.80734878237438,-77.07178174206477,0.41441429697726195,59,17,Alexandria,2025-11-14
36.998368716558225,-76.33023851939912,0.7613629793213865,76,17,Hampton,2025-11-14
37.25347412621309,-79.91877955048606,0.4121310855170711,59,17,Roanoke,2025-11-14
36.81387933128716,-76.3245359163477,0.5463713665128015,55,17,Portsmouth,2025-11-14
37.51951155961584,-77.43524450491127,0.5368207231075632,54,18,Richmond,2025-11-14
36.8509625155833,-75.95399419665466,0.6739168657190836,67,18,Virginia Beach,2025-11-14
36.84039779433702,-76.31445417848914,0.7184205318756954,72,18,Norfolk,2025-11-14
36.78512414762155,-76.27056535327192,0.45459682757134223,55,18,Chesapeake,2025-11-14
38.88978012440663,-77.10233440761822,0.6751505708040125,68,18,Arlington,2025-11-14
37.05332582576925,-76.48172967484982,0.5371168516620878,54,18,Newport News,2025-11-14
38.824351257858325,-77.05460489486913,0.7006404174325842,70,18,Alexandria,2025-11-14
37.04121188173693,-76.35016215881437,0.3457077629255276,65,18,Hampton,2025-11-14
37.258309270686134,-79.92805702590788,0.41218727151834644,59,18,Roanoke,2025-11-14
36.823550228691424,-76.30388957800056,0.630147952008996,63,18,Portsmouth,2025-11-14
37.55270171445215,-77.40423125136672,0.3269435615449071,67,19,Richmond,2025-11-14
36.857184061234285,-76.00784452258375,0.19426030990580023,81,19,Virginia Beach,2025-11-14
36.83300823637749,-76.2587793998553,0.45440111580119685,55,19,Norfolk,2025-11-14
36.76678427392778,-76.32866708418781,0.2825380382367285,72,19,Chesapeake,2025-11-14
38.91230431221848,-77.08297188467621,0.15663637950905968,84,19,Arlington,2025-11-14
37.07989943940804,-76.43031265303294,0.4250236462710859,57,19,Newport News,2025-11-14
38.83896986497517,-77.02814076584517,0.2375958734118789,76,19,Alexandria,2025-11-14
37.003367611526755,-76.35194346251086,0.15744208565765994,84,19,Hampton,2025-11-14
37.280971280498044,-79.95541491397711,0.09992511514839084,90,19,Roanoke,2025-11-14
36.83252693143264,-76.28407243106108,0.40662034889469834,59,19,Portsmouth,2025-11-14
37.554190852377495,-77.42470933044697,0.05,95,20,Richmond,2025-11-14
36.8443354180347,-75.96324995179269,0.13602477382854294,86,20,Virginia Beach,2025-11-14
36.862135872453685,-76.25817515375022,0.3556654033563148,64,20,Norfolk,2025-11-14
36.78039490574679,-76.30150920264273,0.33288799079570075,67,20,Chesapeake,2025-11-14
38.907289773154915,-77.07863043705876,0.19081203900695592,81,20,Arlington,2025-11-14
37.09942687745537,-76.47172325881178,0.05,95,20,Newport News,2025-11-14
38.77086584054319,-77.03115236002878,0.09822084633289625,90,20,Alexandria,2025-11-14
37.00869421496252,-76.34482032028045,0.07852090333849937,92,20,Hampton,2025-11-14
37.258651671157445,-79.93810021118188,0.05,95,20,Roanoke,2025-11-14
36.88520097865153,-76.33452768144848,0.31603430495489626,68,20,Portsmouth,2025-11-14
37.55829148071848,-77.44434489431637,0.18899223502705553,81,21,Richmond,2025-11-14
36.82073875274976,-75.96381170674167,0.11943807611110294,88,21,Virginia Beach,2025-11-14
36.8310447505146,-76.28307684226523,0.05,95,21,Norfolk,2025-11-14
36.74992007079651,-76.32316662870011,0.05,95,21,Chesapeake,2025-11-14
38.92897734293183,-77.083680512232,0.34596172391597996,65,21,Arlington,2025-11-14
37.02891601954464,-76.45658156755816,0.22446497852405803,78,21,Newport News,2025-11-14
38.75829699321332,-77.03220582851986,0.05,95,21,Alexandria,2025-11-14
37.027036663494215,-76.31744642250445,0.05,95,21,Hampton,2025-11-14
37.25071208077482,-79.9504828628273,0.09727658162998042,90,21,Roanoke,2025-11-14
36.842316933349224,-76.27385035233833,0.20582128682822493,79,21,Portsmouth,2025-11-14
37.59575451649113,-77.43619103814393,0.2120022860869764,79,22,Richmond,2025-11-14
36.8401470900205,-75.94524141963815,0.44076288672040986,56,22,Virginia Beach,2025-11-14
36.869788176724136,-76.32977766771216,0.4346248887378329,57,22,Norfolk,2025-11-14
36.77510548599779,-76.30009304598185,0.5143759059566086,51,22,Chesapeake,2025-11-14
38.89580194793292,-77.16011330327655,0.20098868984038645,80,22,Arlington,2025-11-14
37.102844047221296,-76.50723697950612,0.05,95,22,Newport News,2025-11-14
38.730803453327006,-77.06022492287867,0.39334102724823933,61,22,Alexandria,2025-11-14
37.02742233487541,-76.30990373206764,0.40579419715193554,59,22,Hampton,2025-11-14
37.27069089992072,-79.9006646151952,0.33148981949684647,67,22,Roanoke,2025-11-14
36.83252125555843,-76.32954278697136,0.469430383046972,53,22,Portsmouth,2025-11-14
37.52253329100695,-77.44481929831096,0.4750698140907024,52,23,Richmond,2025-11-14
36.823148174353136,-75.90682494804034,0.34950511133354595,65,23,Virginia Beach,2025-11-14
36.8848599748234,-76.21671902066393,0.351355037125887,65,23,Norfolk,2025-11-14
36.69768708947147,-76.27608128685134,0.42149818828424623,58,23,Chesapeake,2025-11-14
38.820793839130836,-77.13419053074547,0.3089160822766397,69,23,Arlington,2025-11-14
37.16161634108096,-76.47525602679802,0.4046485658239343,60,23,Newport News,2025-11-14
38.805199350121924,-77.05977510259252,0.41321865511713973,59,23,Alexandria,2025-11-14
37.005789481020514,-76.34112526910742,0.13335410562672573,87,23,Hampton,2025-11-14
37.29961295825579,-79.8911265905078,0.232094870818483,77,23,Roanoke,2025-11-14
36.793224104352404,-76.3087426929222,0.32827533124368213,67,23,Portsmouth,2025-11-14
37.48720174346846,-77.47243692093474,0.107666974007955,89,0,Richmond,2025-11-14
36.86151325664113,-75.99851636445179,0.4485624254055521,55,0,Virginia Beach,2025-11-14
36.83118798429185,-76.25426083672757,0.6198008206912045,62,0,Norfolk,2025-11-14
36.73554841605612,-76.27878941604956,0.27379377627174206,73,0,Chesapeake,2025-11-14
38.900363391234094,-77.04328632482495,0.41593443850440015,58,0,Arlington,2025-11-14
37.08677294580352,-76.47078343285483,0.31618985163669133,68,0,Newport News,2025-11-14
38.785176609049714,-77.05671853893847,0.39964568900274505,60,0,Alexandria,2025-11-14
36.99860890616411,-76.33906073923033,0.45858537682798167,54,0,Hampton,2025-11-14
37.28349305581494,-79.92898584113722,0.27586702413750086,72,0,Roanoke,2025-11-14
36.88290579476858,-76.25106664119716,0.24054576695566757,76,0,Portsmouth,2025-11-14
37.51915656176876,-77.398607911848,0.5039638313578444,50,1,Richmond,2025-11-14
36.843488591010264,-75.95953250666061,0.5158330614193596,52,1,Virginia Beach,2025-11-14
36.86144590868313,-76.29393169332822,0.49574642987250606,50,1,Norfolk,2025-11-14
36.75593157154534,-76.29837029781,0.29854347242944534,70,1,Chesapeake,2025-11-14
38.90236197136375,-77.12568389387457,0.4307920524053219,57,1,Arlington,2025-11-14
37.039233900708865,-76.43682721988077,0.27136769535220995,73,1,Newport News,2025-11-14
38.841286654724655,-77.05390268873556,0.05,95,1,Alexandria,2025-11-14
37.039442014325445,-76.32682101268024,0.25105424174114277,75,1,Hampton,2025-11-14
37.23016477620059,-79.95852766344035,0.5777256472694974,58,1,Roanoke,2025-11-14
36.83684538823297,-76.34150437870643,0.6020443117269231,60,1,Portsmouth,2025-11-14
37.51057062836336,-77.42441030630584,0.2250406913835043,77,2,Richmond,2025-11-14
36.84413945050456,-75.98712729212815,0.3366412087765405,66,2,Virginia Beach,2025-11-14
36.8081965750694,-76.36627393528454,0.24864512939909847,75,2,Norfolk,2025-11-14
36.777573200286,-76.30249905414264,0.30169344665836306,70,2,Chesapeake,2025-11-14
38.91239317056859,-77.05858984859886,0.3684470210235586,63,2,Arlington,2025-11-14
37.095539942547134,-76.5413336918416,0.6116196795375552,61,2,Newport News,2025-11-14
38.80676483813542,-77.08010307942854,0.19941881587645213,80,2,Alexandria,2025-11-14
37.01032330312204,-76.41073956535996,0.5085259173315244,51,2,Hampton,2025-11-14
37.235279545168936,-79.95250595735736,0.6510129992014516,65,2,Roanoke,2025-11-14
36.850215019690204,-76.31268794237612,0.6423010600023119,64,2,Portsmouth,2025-11-14
37.5438388647714,-77.44571077721709,0.05,95,3,Richmond,2025-11-14
36.86925783732679,-75.96617249703881,0.05,95,3,Virginia Beach,2025-11-14
36.86986172896664,-76.34628310190865,0.10920618801919989,89,3,Norfolk,2025-11-14
36.79412958934899,-76.28273543174508,0.2280721950316443,77,3,Chesapeake,2025-11-14
38.88194711096637,-77.09290123665045,0.3600562763223597,64,3,Arlington,2025-11-14
37.086770640187545,-76.48655224408633,0.14793808544718604,85,3,Newport News,2025-11-14
38.82346975005602,-77.04291466936208,0.10379684027260369,90,3,Alexandria,2025-11-14
37.050408322478326,-76.35837370452649,0.05,95,3,Hampton,2025-11-14
37.29213713628606,-80.01399983275893,0.09738144042237061,90,3,Roanoke,2025-11-14
36.882154929354634,-76.29565563189468,0.09047826089771303,91,3,Portsmouth,2025-11-14
37.56353084017841,-77.45129698440365,0.16199846970161536,84,4,Richmond,2025-11-14
36.854388055722374,-75.97672522245124,0.20420270306498242,80,4,Virginia Beach,2025-11-14
36.87434419432478,-76.3327097973,0.05,95,4,Norfolk,2025-11-14
36.7785650327952,-76.25377700611426,0.25237504277705886,75,4,Chesapeake,2025-11-14
38.84057247242497,-77.07970460615975,0.41940971574022007,58,4,Arlington,2025-11-14
37.03404766447316,-76.46164970031653,0.33560625170427083,66,4,Newport News,2025-11-14
38.806922544178306,-77.02039356816341,0.07606011069110419,92,4,Alexandria,2025-11-14
37.05155823378492,-76.34253820823608,0.1634381447037972,84,4,Hampton,2025-11-14
37.214414304686706,-79.9804442749959,0.12495944186163649,88,4,Roanoke,2025-11-14
36.821794912410645,-76.27121333053643,0.18304262606978985,82,4,Portsmouth,2025-11-14
37.507340846166876,-77.37828064472865,0.05,95,5,Richmond,2025-11-14
36.80782260735566,-75.9601995678822,0.05,95,5,Virginia Beach,2025-11-14
36.897556335475564,-76.32636901361319,0.05,95,5,Norfolk,2025-11-14
36.73272908317433,-76.32604990916458,0.15478037670493938,85,5,Chesapeake,2025-11-14
38.874701306253144,-77.08441673858523,0.16079967788772973,84,5,Arlington,2025-11-14
37.051613827559386,-76.47455940224143,0.12063938795436892,88,5,Newport News,2025-11-14
38.83996936597903,-77.0362498561315,0.05,95,5,Alexandria,2025-11-14
37.035113260562525,-76.4104750554402,0.1852707714729349,81,5,Hampton,2025-11-14
37.30747076082112,-79.91620565550849,0.3936402137653885,61,5,Roanoke,2025-11-14
36.88955832051881,-76.2922655741715,0.0917497057904902,91,5,Portsmouth,2025-11-14
37.54659537782704,-77.4117333515411,0.3875603250814079,61,6,Richmond,2025-11-14
36.83853676533891,-75.97915259825633,0.06289391686303172,94,6,Virginia Beach,2025-11-14
36.887645536649885,-76.31572146717154,0.07148922625446782,93,6,Norfolk,2025-11-14
36.72287664122496,-76.33139299799431,0.20205933551157204,80,6,Chesapeake,2025-11-14
38.87797900677944,-77.10327560242742,0.18580652415514087,81,6,Arlington,2025-11-14
37.096991222860254,-76.47567877569932,0.17773444561014856,82,6,Newport News,2025-11-14
38.74376828809885,-77.1056951120447,0.4949493062820801,51,6,Alexandria,2025-11-14
37.04015699329093,-76.29905735438022,0.3340908958291532,67,6,Hampton,2025-11-14
37.324521460790315,-79.93003448727953,0.05,95,6,Roanoke,2025-11-14
36.83505275152263,-76.24348465230331,0.05,95,6,Portsmouth,2025-11-14
37.51347264581059,-77.48306149916785,0.5519076415394312,55,7,Richmond,2025-11-14
36.82377415026657,-75.99856904923313,0.3705324831836525,63,7,Virginia Beach,2025-11-14
36.88109068077671,-76.29564341921973,0.3393592751522452,66,7,Norfolk,2025-11-14
36.75874170095278,-76.23671714732224,0.4738908025456213,53,7,Chesapeake,2025-11-14
38.904311657227936,-77.1277310270049,0.46768245245084933,53,7,Arlington,2025-11-14
37.07316744486026,-76.46296779216773,0.5690784320454476,57,7,Newport News,2025-11-14
38.78990739173506,-77.03533920105433,0.6011037474339086,60,7,Alexandria,2025-11-14
37.00939497858927,-76.38637813081777,0.2771457317146565,72,7,Hampton,2025-11-14
37.19713641426423,-79.92563129564984,0.46025246340046067,54,7,Roanoke,2025-11-14
36.853987524413924,-76.26357762234944,0.599898061562848,60,7,Portsmouth,2025-11-14
37.565800101746085,-77.4425264768552,0.5498815424455475,55,8,Richmond,2025-11-14
36.85493947405586,-76.03533746133547,0.357271610721819,64,8,Virginia Beach,2025-11-14
36.839462503284366,-76.2522844431329,0.8061919661350236,81,8,Norfolk,2025-11-14
36.769748468277065,-76.27759879179787,0.5120126292417085,51,8,Chesapeake,2025-11-14
38.888152334636494,-77.06658824149707,0.5131429946591611,51,8,Arlington,2025-11-14
37.080084544886205,-76.47144799521004,0.6691742907710976,67,8,Newport News,2025-11-14
38.79788361050614,-77.08294645929399,0.597517971026885,60,8,Alexandria,2025-11-14
37.01513785845001,-76.29310770481024,0.4519135600440548,55,8,Hampton,2025-11-14
37.303821863839254,-79.98347437166794,0.6843284358568202,68,8,Roanoke,2025-11-14
36.88808659190194,-76.27417042230236,0.5339528969788988,53,8,Portsmouth,2025-11-14
37.55939685739069,-77.47484163993478,0.6081755075714357,61,9,Richmond,2025-11-14
36.870934195104375,-76.00300626319475,0.4715941873042529,53,9,Virginia Beach,2025-11-14
36.80162396700372,-76.35951367417378,0.56937916886321,57,9,Norfolk,2025-11-14
36.785005478881956,-76.29928947343025,0.3987789970104987,60,9,Chesapeake,2025-11-14
38.85983766676173,-77.13583286459158,0.48815857558450926,51,9,Arlington,2025-11-14
37.072670309380555,-76.47400161312491,0.4422408720650993,56,9,Newport News,2025-11-14
38.81318980268327,-77.08148046671603,0.5607753135999758,56,9,Alexandria,2025-11-14
36.9886294269372,-76.30526424004489,0.3737819411878859,63,9,Hampton,2025-11-14
37.21689439416939,-79.90405008043734,0.5958470138371219,60,9,Roanoke,2025-11-14
36.85384505446606,-76.29531649697779,0.27693286120330973,72,9,Portsmouth,2025-11-14
37.54986472061682,-77.45123269428682,0.272383371130563,73,10,Richmond,2025-11-14
36.77832924244135,-75.90877336454194,0.27856216725017224,72,10,Virginia Beach,2025-11-14
36.814378466521376,-76.28906765735965,0.27982302871345005,72,10,Norfolk,2025-11-14
36.77431916209797,-76.2574874393547,0.21442240795453732,79,10,Chesapeake,2025-11-14
38.88235616183,-77.07464866872381,0.2650160319233921,73,10,Arlington,2025-11-14
37.09084699983955,-76.43838099271471,0.05,95,10,Newport News,2025-11-14
38.782671833928816,-77.05891291415305,0.05,95,10,Alexandria,2025-11-14
37.00077987036166,-76.4227780613948,0.12033066062895742,88,10,Hampton,2025-11-14
37.271526368405794,-79.92527463934822,0.19720104555278933,80,10,Roanoke,2025-11-14
36.84862639582984,-76.26507369235556,0.367632310753612,63,10,Portsmouth,2025-11-14
37.50540364568248,-77.51100453675451,0.18587846846785222,81,11,Richmond,2025-11-14
36.84080961648679,-75.96805899156742,0.40432421408057106,60,11,Virginia Beach,2025-11-14
36.837516623001974,-76.31176169514447,0.3107462290262364,69,11,Norfolk,2025-11-14
36.81782489735791,-76.28353261114253,0.05,95,11,Chesapeake,2025-11-14
38.895014225432874,-77.04479879593616,0.05,95,11,Arlington,2025-11-14
37.08516258233074,-76.45303822971836,0.061730132444353575,94,11,Newport News,2025-11-14
38.820678679768704,-77.04881550804923,0.05,95,11,Alexandria,2025-11-14
37.02000004001196,-76.32776149871023,0.05,95,11,Hampton,2025-11-14
37.256288110836266,-79.96510836352047,0.19328904325340596,81,11,Roanoke,2025-11-14
36.8107552598198,-76.25161545207752,0.46412750252163193,54,11,Portsmouth,2025-11-14
37.548037083442225,-77.44721029539855,0.31370489197310913,69,12,Richmond,2025-11-14
36.83925011423692,-75.96056773486997,0.2821524103693812,72,12,Virginia Beach,2025-11-14
36.84855572136276,-76.33564969795266,0.575330537843158,58,12,Norfolk,2025-11-14
36.775677944701854,-76.24455466368748,0.23374963069991497,77,12,Chesapeake,2025-11-14
38.89563652494463,-77.07139817802424,0.16831798403654225,83,12,Arlington,2025-11-14
37.14210999670075,-76.49178699139159,0.05,95,12,Newport News,2025-11-14
38.88592499753041,-77.06437656822538,0.10563474354525888,89,12,Alexandria,2025-11-14
37.05832654217862,-76.37510088534155,0.05,95,12,Hampton,2025-11-14
37.27300298488183,-79.94781638227856,0.4460306850101758,55,12,Roanoke,2025-11-14
36.78638240195564,-76.28493676010656,0.05,95,12,Portsmouth,2025-11-14
37.50053428157567,-77.40904748312865,0.4091287434155084,59,13,Richmond,2025-11-14
36.85832685837461,-75.98640145564339,0.2516640980852635,75,13,Virginia Beach,2025-11-14
36.832673986203545,-76.26842603119148,0.27901281164860026,72,13,Norfolk,2025-11-14
36.810276333331466,-76.24142057763844,0.14467829015926797,86,13,Chesapeake,2025-11-14
38.84538506286195,-77.06986470285638,0.19403359455701386,81,13,Arlington,2025-11-14
37.11355086950883,-76.52615284727987,0.4159859951378283,58,13,Newport News,2025-11-14
38.82682638889446,-76.97531566879313,0.08253470814064033,92,13,Alexandria,2025-11-14
37.03164530392091,-76.36148875454381,0.47948771796682366,52,13,Hampton,2025-11-14
37.306361858280425,-79.93871622223041,0.05,95,13,Roanoke,2025-11-14
36.80719444762335,-76.31998114405478,0.05,95,13,Portsmouth,2025-11-14
37.557476711532864,-77.40671884599499,0.12342181861725394,88,14,Richmond,2025-11-14
36.87320765242072,-75.96684251272728,0.34433792559031906,66,14,Virginia Beach,2025-11-14
36.80565206167307,-76.32829521749545,0.08491092410706375,92,14,Norfolk,2025-11-14
36.77601087530359,-76.28773254030193,0.19776928834273688,80,14,Chesapeake,2025-11-14
38.919404345076025,-77.09603007928646,0.05,95,14,Arlington,2025-11-14
37.057884318460005,-76.46855250074913,0.05,95,14,Newport News,2025-11-14
38.796430003521444,-77.04096855591406,0.28538765427074597,71,14,Alexandria,2025-11-14
37.01858447786697,-76.29213465170943,0.43948812324830167,56,14,Hampton,2025-11-14
37.276686514083394,-79.94703072404012,0.2791676973279223,72,14,Roanoke,2025-11-14
36.85728562133334,-76.35792217585093,0.05,95,14,Portsmouth,2025-11-14
37.57864876105002,-77.40514395049952,0.2162016520517584,78,15,Richmond,2025-11-14
36.825923972845786,-75.95455895458886,0.3134651723847673,69,15,Virginia Beach,2025-11-14
36.81651509488911,-76.24551957391203,0.3078456348852211,69,15,Norfolk,2025-11-14
36.77078215825987,-76.32158717007397,0.3731300482319474,63,15,Chesapeake,2025-11-14
38.88158768682494,-77.08069402549226,0.05,95,15,Arlington,2025-11-14
37.041400188531,-76.45611921555422,0.20465255698712198,80,15,Newport News,2025-11-14
38.842974134222594,-77.03083725224423,0.12843544635096069,87,15,Alexandria,2025-11-14
37.011531308030364,-76.36664039412969,0.0839940329260298,92,15,Hampton,2025-11-14
37.27687744623317,-79.9053077334204,0.05,95,15,Roanoke,2025-11-14
36.858286013572865,-76.25109410426377,0.16510730295984233,83,15,Portsmouth,2025-11-14
37.525974390902135,-77.45275908982622,0.8583258237621665,86,16,Richmond,2025-11-14
36.815614689088385,-75.94408086379798,0.5497212367714642,55,16,Virginia Beach,2025-11-14
36.88914700493958,-76.30689129463192,0.7187235324497034,72,16,Norfolk,2025-11-14
36.7592338779734,-76.27549171462044,0.6786844364663028,68,16,Chesapeake,2025-11-14
38.87636282847232,-77.08249810581789,0.7233180866487018,72,16,Arlington,2025-11-14
37.12318598655291,-76.474733210956,0.3485843968287854,65,16,Newport News,2025-11-14
38.782740200181685,-77.06211265250938,0.46067298421154523,54,16,Alexandria,2025-11-14
37.01112316330702,-76.30023214414884,0.43930519847515587,56,16,Hampton,2025-11-14
37.28937243788864,-79.9553704060532,0.5412432346633158,54,16,Roanoke,2025-11-14
36.83615870924814,-76.31266855414178,0.3380354199540757,66,16,Portsmouth,2025-11-14
37.504488027977416,-77.49416717772841,0.721210675779522,72,17,Richmond,2025-11-14
36.86411938214858,-76.02102885519113,0.8480981161300905,85,17,Virginia Beach,2025-11-14
36.853763584068496,-76.24920915752284,0.6941768255998635,69,17,Norfolk,2025-11-14
36.790276707753364,-76.26134080759303,0.5872345234365777,59,17,Chesapeake,2025-11-14
38.89106909839862,-77.08138629897567,0.44690720580139337,55,17,Arlington,2025-11-14
37.11148548127148,-76.47930048804962,0.4756689216661796,52,17,Newport News,2025-11-14
38.78874232926357,-77.06723577772897,0.6793627437629479,68,17,Alexandria,2025-11-14
36.98086684949871,-76.31321241427827,0.5261636800878046,53,17,Hampton,2025-11-14
37.29870413754948,-79.9076372853239,0.6115387593116938,61,17,Roanoke,2025-11-14
36.86575384136534,-76.27017068341497,0.5600093696476657,56,17,Portsmouth,2025-11-14
37.56051002291871,-77.41217148213954,0.5092533249528735,51,18,Richmond,2025-11-14
36.859897992023484,-75.94915503171877,0.8724243280149115,87,18,Virginia Beach,2025-11-14
36.800804012615984,-76.28557084548773,0.5034510299429747,50,18,Norfolk,2025-11-14
36.798774428756275,-76.28262136385364,0.524890831125084,52,18,Chesapeake,2025-11-14
38.862923555150125,-77.13031308103336,0.7651808969433961,77,18,Arlington,2025-11-14
37.087975220734634,-76.41543949670256,0.552333886337053,55,18,Newport News,2025-11-14
38.81003653254708,-77.00863422148213,0.9425733504747528,94,18,Alexandria,2025-11-14
37.040827605620684,-76.28255665752187,0.33518794741316277,66,18,Hampton,2025-11-14
37.296020594670765,-79.97815356644674,0.5245171831650287,52,18,Roanoke,2025-11-14
36.8504224362898,-76.30727019805495,0.6833869061113609,68,18,Portsmouth,2025-11-14
37.519904109364084,-77.40877693040247,0.13673345955487423,86,19,Richmond,2025-11-14
36.851771290198776,-76.0061712734758,0.16148378738293906,84,19,Virginia Beach,2025-11-14
36.82426143737957,-76.30716463326885,0.286290498654318,71,19,Norfolk,2025-11-14
36.80985287815393,-76.28213913375643,0.0736287311227174,93,19,Chesapeake,2025-11-14
38.915654816177025,-77.08704361402819,0.09706980499842034,90,19,Arlington,2025-11-14
37.054933405575866,-76.47866967286812,0.05,95,19,Newport News,2025-11-14
38.801262539077385,-77.11700887825208,0.07839429304259725,92,19,Alexandria,2025-11-14
37.03460282218923,-76.32868360595407,0.3665913021520639,63,19,Hampton,2025-11-14
37.260479716070044,-79.89933857682672,0.4554763299265121,54,19,Roanoke,2025-11-14
36.848220994722695,-76.26163341358036,0.3310996417767184,67,19,Portsmouth,2025-11-14
37.52424841297283,-77.41508270478288,0.11885128334372035,88,20,Richmond,2025-11-14
36.79728409083708,-75.99417882894376,0.1946174600154491,81,20,Virginia Beach,2025-11-14
36.82918942876718,-76.30004057001379,0.09202093339022896,91,20,Norfolk,2025-11-14
36.780552551593054,-76.2731556350515,0.05,95,20,Chesapeake,2025-11-14
38.89646549945291,-77.14359911737974,0.17291640107406572,83,20,Arlington,2025-11-14
37.034112078311885,-76.43355598407126,0.3342530825376769,67,20,Newport News,2025-11-14
38.8315421349161,-77.0616212086112,0.05,95,20,Alexandria,2025-11-14
37.06185641623351,-76.36488962440599,0.1775656243470655,82,20,Hampton,2025-11-14
37.233985899321944,-79.99534747556196,0.47317302854387866,53,20,Roanoke,2025-11-14
36.79583944530976,-76.27828198299369,0.5242690870808826,52,20,Portsmouth,2025-11-14
37.58606900737918,-77.41954376269341,0.528325437250625,53,21,Richmond,2025-11-14
36.84609704535899,-76.01044522735359,0.05,95,21,Virginia Beach,2025-11-14
36.82867298447718,-76.2882385334934,0.05,95,21,Norfolk,2025-11-14
36.779703052034826,-76.28312843350726,0.05,95,21,Chesapeake,2025-11-14
38.80846528739067,-77.10544471687223,0.28692205643410484,71,21,Arlington,2025-11-14
37.10557937310089,-76.50440487448424,0.4680195703925473,53,21,Newport News,2025-11-14
38.81999478835563,-77.02046021654789,0.21343329120288623,79,21,Alexandria,2025-11-14
37.036944450978304,-76.30760382029175,0.17916197196798475,82,21,Hampton,2025-11-14
37.25128014772555,-79.94974831467322,0.5343832389977988,53,21,Roanoke,2025-11-14
36.782352277464504,-76.27468957158031,0.21567899234837645,78,21,Portsmouth,2025-11-14
37.49807667027612,-77.452186028653,0.46373892166180575,54,22,Richmond,2025-11-14
36.858155944361165,-75.95938429445361,0.5386704845687851,54,22,Virginia Beach,2025-11-14
36.85567968166171,-76.2553281790619,0.38576467918708546,61,22,Norfolk,2025-11-14
36.780272108802826,-76.26076986954357,0.4438392053089337,56,22,Chesapeake,2025-11-14
38.90998728070291,-77.11036618286761,0.6518455812511234,65,22,Arlington,2025-11-14
37.07595014388594,-76.42482410083771,0.39089791119060263,61,22,Newport News,2025-11-14
38.766183963331564,-77.0498839843523,0.4100300974329711,59,22,Alexandria,2025-11-14
37.07703037137819,-76.38103234948248,0.23438026272364565,77,22,Hampton,2025-11-14
37.25945348296594,-79.9371695607278,0.4517202218735017,55,22,Roanoke,2025-11-14
36.86897993371688,-76.28139773143336,0.29723158048147963,70,22,Portsmouth,2025-11-14
37.556231233722315,-77.42641298973281,0.42820107536471164,57,23,Richmond,2025-11-14
36.81387754113823,-75.96895449660396,0.06881746090661295,93,23,Virginia Beach,2025-11-14
36.88503149727643,-76.29250935492108,0.5620859628182465,56,23,Norfolk,2025-11-14
36.77944357857336,-76.25967851678772,0.543101076877238,54,23,Chesapeake,2025-11-14
38.89811898430193,-77.09112130018872,0.3500494448274774,65,23,Arlington,2025-11-14
37.02589069771328,-76.53286702723881,0.32829216703724784,67,23,Newport News,2025-11-14
38.8261396171738,-77.04936313850196,0.3177254712494204,68,23,Alexandria,2025-11-14
37.0812348668809,-76.3575989555484,0.41346688115310964,59,23,Hampton,2025-11-14
37.262136558680275,-79.95280031345695,0.6164508524138934,62,23,Roanoke,2025-11-14
36.83343511091507,-76.27596366105098,0.5930688683076566,59,23,Portsmouth,2025-11-14
